filename,label
normal/Normal-1.png,Normal
normal/Normal-10.png,Normal
normal/Normal-100.png,Normal
normal/Normal-101.png,Normal
normal/Normal-102.png,Normal
normal/Normal-103.png,Normal
normal/Normal-104.png,Normal
normal/Normal-105.png,Normal
normal/Normal-106.png,Normal
normal/Normal-107.png,Normal
normal/Normal-108.png,Normal
normal/Normal-109.png,Normal
normal/Normal-11.png,Normal
normal/Normal-110.png,Normal
normal/Normal-111.png,Normal
normal/Normal-112.png,Normal
normal/Normal-113.png,Normal
normal/Normal-114.png,Normal
normal/Normal-115.png,Normal
normal/Normal-116.png,Normal
normal/Normal-117.png,Normal
normal/Normal-118.png,Normal
normal/Normal-119.png,Normal
normal/Normal-12.png,Normal
normal/Normal-120.png,Normal
normal/Normal-121.png,Normal
normal/Normal-122.png,Normal
normal/Normal-123.png,Normal
normal/Normal-124.png,Normal
normal/Normal-125.png,Normal
normal/Normal-126.png,Normal
normal/Normal-127.png,Normal
normal/Normal-128.png,Normal
normal/Normal-129.png,Normal
normal/Normal-13.png,Normal
normal/Normal-130.png,Normal
normal/Normal-131.png,Normal
normal/Normal-132.png,Normal
normal/Normal-133.png,Normal
normal/Normal-134.png,Normal
normal/Normal-135.png,Normal
normal/Normal-136.png,Normal
normal/Normal-137.png,Normal
normal/Normal-138.png,Normal
normal/Normal-139.png,Normal
normal/Normal-14.png,Normal
normal/Normal-140.png,Normal
normal/Normal-141.png,Normal
normal/Normal-142.png,Normal
normal/Normal-143.png,Normal
normal/Normal-144.png,Normal
normal/Normal-145.png,Normal
normal/Normal-146.png,Normal
normal/Normal-147.png,Normal
normal/Normal-148.png,Normal
normal/Normal-149.png,Normal
normal/Normal-15.png,Normal
normal/Normal-150.png,Normal
normal/Normal-151.png,Normal
normal/Normal-152.png,Normal
normal/Normal-153.png,Normal
normal/Normal-154.png,Normal
normal/Normal-155.png,Normal
normal/Normal-156.png,Normal
normal/Normal-157.png,Normal
normal/Normal-158.png,Normal
normal/Normal-159.png,Normal
normal/Normal-16.png,Normal
normal/Normal-160.png,Normal
normal/Normal-161.png,Normal
normal/Normal-162.png,Normal
normal/Normal-163.png,Normal
normal/Normal-164.png,Normal
normal/Normal-165.png,Normal
normal/Normal-166.png,Normal
normal/Normal-167.png,Normal
normal/Normal-168.png,Normal
normal/Normal-169.png,Normal
normal/Normal-17.png,Normal
normal/Normal-170.png,Normal
normal/Normal-171.png,Normal
normal/Normal-172.png,Normal
normal/Normal-173.png,Normal
normal/Normal-174.png,Normal
normal/Normal-175.png,Normal
normal/Normal-176.png,Normal
normal/Normal-177.png,Normal
normal/Normal-178.png,Normal
normal/Normal-179.png,Normal
normal/Normal-18.png,Normal
normal/Normal-180.png,Normal
normal/Normal-181.png,Normal
normal/Normal-182.png,Normal
normal/Normal-183.png,Normal
normal/Normal-184.png,Normal
normal/Normal-185.png,Normal
normal/Normal-186.png,Normal
normal/Normal-187.png,Normal
normal/Normal-188.png,Normal
normal/Normal-189.png,Normal
normal/Normal-19.png,Normal
normal/Normal-190.png,Normal
normal/Normal-191.png,Normal
normal/Normal-192.png,Normal
normal/Normal-193.png,Normal
normal/Normal-194.png,Normal
normal/Normal-195.png,Normal
normal/Normal-196.png,Normal
normal/Normal-197.png,Normal
normal/Normal-198.png,Normal
normal/Normal-199.png,Normal
normal/Normal-2.png,Normal
normal/Normal-20.png,Normal
normal/Normal-200.png,Normal
normal/Normal-21.png,Normal
normal/Normal-22.png,Normal
normal/Normal-23.png,Normal
normal/Normal-24.png,Normal
normal/Normal-25.png,Normal
normal/Normal-26.png,Normal
normal/Normal-27.png,Normal
normal/Normal-28.png,Normal
normal/Normal-29.png,Normal
normal/Normal-3.png,Normal
normal/Normal-30.png,Normal
normal/Normal-31.png,Normal
normal/Normal-32.png,Normal
normal/Normal-33.png,Normal
normal/Normal-34.png,Normal
normal/Normal-35.png,Normal
normal/Normal-36.png,Normal
normal/Normal-37.png,Normal
normal/Normal-38.png,Normal
normal/Normal-39.png,Normal
normal/Normal-4.png,Normal
normal/Normal-40.png,Normal
normal/Normal-41.png,Normal
normal/Normal-42.png,Normal
normal/Normal-43.png,Normal
normal/Normal-44.png,Normal
normal/Normal-45.png,Normal
normal/Normal-46.png,Normal
normal/Normal-47.png,Normal
normal/Normal-48.png,Normal
normal/Normal-49.png,Normal
normal/Normal-5.png,Normal
normal/Normal-50.png,Normal
normal/Normal-51.png,Normal
normal/Normal-52.png,Normal
normal/Normal-53.png,Normal
normal/Normal-54.png,Normal
normal/Normal-55.png,Normal
normal/Normal-56.png,Normal
normal/Normal-57.png,Normal
normal/Normal-58.png,Normal
normal/Normal-59.png,Normal
normal/Normal-6.png,Normal
normal/Normal-60.png,Normal
normal/Normal-61.png,Normal
normal/Normal-62.png,Normal
normal/Normal-63.png,Normal
normal/Normal-64.png,Normal
normal/Normal-65.png,Normal
normal/Normal-66.png,Normal
normal/Normal-67.png,Normal
normal/Normal-68.png,Normal
normal/Normal-69.png,Normal
normal/Normal-7.png,Normal
normal/Normal-70.png,Normal
normal/Normal-71.png,Normal
normal/Normal-72.png,Normal
normal/Normal-73.png,Normal
normal/Normal-74.png,Normal
normal/Normal-75.png,Normal
normal/Normal-76.png,Normal
normal/Normal-77.png,Normal
normal/Normal-78.png,Normal
normal/Normal-79.png,Normal
normal/Normal-8.png,Normal
normal/Normal-80.png,Normal
normal/Normal-81.png,Normal
normal/Normal-82.png,Normal
normal/Normal-83.png,Normal
normal/Normal-84.png,Normal
normal/Normal-85.png,Normal
normal/Normal-86.png,Normal
normal/Normal-87.png,Normal
normal/Normal-88.png,Normal
normal/Normal-89.png,Normal
normal/Normal-9.png,Normal
normal/Normal-90.png,Normal
normal/Normal-91.png,Normal
normal/Normal-92.png,Normal
normal/Normal-93.png,Normal
normal/Normal-94.png,Normal
normal/Normal-95.png,Normal
normal/Normal-96.png,Normal
normal/Normal-97.png,Normal
normal/Normal-98.png,Normal
normal/Normal-99.png,Normal
tuberculosis/Tuberculosis-1.png,Tuberculosis
tuberculosis/Tuberculosis-10.png,Tuberculosis
tuberculosis/Tuberculosis-100.png,Tuberculosis
tuberculosis/Tuberculosis-101.png,Tuberculosis
tuberculosis/Tuberculosis-102.png,Tuberculosis
tuberculosis/Tuberculosis-103.png,Tuberculosis
tuberculosis/Tuberculosis-104.png,Tuberculosis
tuberculosis/Tuberculosis-105.png,Tuberculosis
tuberculosis/Tuberculosis-106.png,Tuberculosis
tuberculosis/Tuberculosis-107.png,Tuberculosis
tuberculosis/Tuberculosis-108.png,Tuberculosis
tuberculosis/Tuberculosis-109.png,Tuberculosis
tuberculosis/Tuberculosis-11.png,Tuberculosis
tuberculosis/Tuberculosis-110.png,Tuberculosis
tuberculosis/Tuberculosis-111.png,Tuberculosis
tuberculosis/Tuberculosis-112.png,Tuberculosis
tuberculosis/Tuberculosis-113.png,Tuberculosis
tuberculosis/Tuberculosis-114.png,Tuberculosis
tuberculosis/Tuberculosis-115.png,Tuberculosis
tuberculosis/Tuberculosis-116.png,Tuberculosis
tuberculosis/Tuberculosis-117.png,Tuberculosis
tuberculosis/Tuberculosis-118.png,Tuberculosis
tuberculosis/Tuberculosis-119.png,Tuberculosis
tuberculosis/Tuberculosis-12.png,Tuberculosis
tuberculosis/Tuberculosis-120.png,Tuberculosis
tuberculosis/Tuberculosis-121.png,Tuberculosis
tuberculosis/Tuberculosis-122.png,Tuberculosis
tuberculosis/Tuberculosis-123.png,Tuberculosis
tuberculosis/Tuberculosis-124.png,Tuberculosis
tuberculosis/Tuberculosis-125.png,Tuberculosis
tuberculosis/Tuberculosis-126.png,Tuberculosis
tuberculosis/Tuberculosis-127.png,Tuberculosis
tuberculosis/Tuberculosis-128.png,Tuberculosis
tuberculosis/Tuberculosis-129.png,Tuberculosis
tuberculosis/Tuberculosis-13.png,Tuberculosis
tuberculosis/Tuberculosis-130.png,Tuberculosis
tuberculosis/Tuberculosis-131.png,Tuberculosis
tuberculosis/Tuberculosis-132.png,Tuberculosis
tuberculosis/Tuberculosis-133.png,Tuberculosis
tuberculosis/Tuberculosis-134.png,Tuberculosis
tuberculosis/Tuberculosis-135.png,Tuberculosis
tuberculosis/Tuberculosis-136.png,Tuberculosis
tuberculosis/Tuberculosis-137.png,Tuberculosis
tuberculosis/Tuberculosis-138.png,Tuberculosis
tuberculosis/Tuberculosis-139.png,Tuberculosis
tuberculosis/Tuberculosis-14.png,Tuberculosis
tuberculosis/Tuberculosis-140.png,Tuberculosis
tuberculosis/Tuberculosis-141.png,Tuberculosis
tuberculosis/Tuberculosis-142.png,Tuberculosis
tuberculosis/Tuberculosis-143.png,Tuberculosis
tuberculosis/Tuberculosis-144.png,Tuberculosis
tuberculosis/Tuberculosis-145.png,Tuberculosis
tuberculosis/Tuberculosis-146.png,Tuberculosis
tuberculosis/Tuberculosis-147.png,Tuberculosis
tuberculosis/Tuberculosis-148.png,Tuberculosis
tuberculosis/Tuberculosis-149.png,Tuberculosis
tuberculosis/Tuberculosis-15.png,Tuberculosis
tuberculosis/Tuberculosis-150.png,Tuberculosis
tuberculosis/Tuberculosis-151.png,Tuberculosis
tuberculosis/Tuberculosis-152.png,Tuberculosis
tuberculosis/Tuberculosis-153.png,Tuberculosis
tuberculosis/Tuberculosis-154.png,Tuberculosis
tuberculosis/Tuberculosis-155.png,Tuberculosis
tuberculosis/Tuberculosis-156.png,Tuberculosis
tuberculosis/Tuberculosis-157.png,Tuberculosis
tuberculosis/Tuberculosis-158.png,Tuberculosis
tuberculosis/Tuberculosis-159.png,Tuberculosis
tuberculosis/Tuberculosis-16.png,Tuberculosis
tuberculosis/Tuberculosis-160.png,Tuberculosis
tuberculosis/Tuberculosis-161.png,Tuberculosis
tuberculosis/Tuberculosis-162.png,Tuberculosis
tuberculosis/Tuberculosis-163.png,Tuberculosis
tuberculosis/Tuberculosis-164.png,Tuberculosis
tuberculosis/Tuberculosis-165.png,Tuberculosis
tuberculosis/Tuberculosis-166.png,Tuberculosis
tuberculosis/Tuberculosis-167.png,Tuberculosis
tuberculosis/Tuberculosis-168.png,Tuberculosis
tuberculosis/Tuberculosis-169.png,Tuberculosis
tuberculosis/Tuberculosis-17.png,Tuberculosis
tuberculosis/Tuberculosis-170.png,Tuberculosis
tuberculosis/Tuberculosis-171.png,Tuberculosis
tuberculosis/Tuberculosis-172.png,Tuberculosis
tuberculosis/Tuberculosis-173.png,Tuberculosis
tuberculosis/Tuberculosis-174.png,Tuberculosis
tuberculosis/Tuberculosis-175.png,Tuberculosis
tuberculosis/Tuberculosis-176.png,Tuberculosis
tuberculosis/Tuberculosis-177.png,Tuberculosis
tuberculosis/Tuberculosis-178.png,Tuberculosis
tuberculosis/Tuberculosis-179.png,Tuberculosis
tuberculosis/Tuberculosis-18.png,Tuberculosis
tuberculosis/Tuberculosis-180.png,Tuberculosis
tuberculosis/Tuberculosis-181.png,Tuberculosis
tuberculosis/Tuberculosis-182.png,Tuberculosis
tuberculosis/Tuberculosis-183.png,Tuberculosis
tuberculosis/Tuberculosis-184.png,Tuberculosis
tuberculosis/Tuberculosis-185.png,Tuberculosis
tuberculosis/Tuberculosis-186.png,Tuberculosis
tuberculosis/Tuberculosis-187.png,Tuberculosis
tuberculosis/Tuberculosis-188.png,Tuberculosis
tuberculosis/Tuberculosis-189.png,Tuberculosis
tuberculosis/Tuberculosis-19.png,Tuberculosis
tuberculosis/Tuberculosis-190.png,Tuberculosis
tuberculosis/Tuberculosis-191.png,Tuberculosis
tuberculosis/Tuberculosis-192.png,Tuberculosis
tuberculosis/Tuberculosis-193.png,Tuberculosis
tuberculosis/Tuberculosis-194.png,Tuberculosis
tuberculosis/Tuberculosis-195.png,Tuberculosis
tuberculosis/Tuberculosis-196.png,Tuberculosis
tuberculosis/Tuberculosis-197.png,Tuberculosis
tuberculosis/Tuberculosis-198.png,Tuberculosis
tuberculosis/Tuberculosis-199.png,Tuberculosis
tuberculosis/Tuberculosis-2.png,Tuberculosis
tuberculosis/Tuberculosis-20.png,Tuberculosis
tuberculosis/Tuberculosis-200.png,Tuberculosis
tuberculosis/Tuberculosis-21.png,Tuberculosis
tuberculosis/Tuberculosis-22.png,Tuberculosis
tuberculosis/Tuberculosis-23.png,Tuberculosis
tuberculosis/Tuberculosis-24.png,Tuberculosis
tuberculosis/Tuberculosis-25.png,Tuberculosis
tuberculosis/Tuberculosis-26.png,Tuberculosis
tuberculosis/Tuberculosis-27.png,Tuberculosis
tuberculosis/Tuberculosis-28.png,Tuberculosis
tuberculosis/Tuberculosis-29.png,Tuberculosis
tuberculosis/Tuberculosis-3.png,Tuberculosis
tuberculosis/Tuberculosis-30.png,Tuberculosis
tuberculosis/Tuberculosis-31.png,Tuberculosis
tuberculosis/Tuberculosis-32.png,Tuberculosis
tuberculosis/Tuberculosis-33.png,Tuberculosis
tuberculosis/Tuberculosis-34.png,Tuberculosis
tuberculosis/Tuberculosis-35.png,Tuberculosis
tuberculosis/Tuberculosis-36.png,Tuberculosis
tuberculosis/Tuberculosis-37.png,Tuberculosis
tuberculosis/Tuberculosis-38.png,Tuberculosis
tuberculosis/Tuberculosis-39.png,Tuberculosis
tuberculosis/Tuberculosis-4.png,Tuberculosis
tuberculosis/Tuberculosis-40.png,Tuberculosis
tuberculosis/Tuberculosis-41.png,Tuberculosis
tuberculosis/Tuberculosis-42.png,Tuberculosis
tuberculosis/Tuberculosis-43.png,Tuberculosis
tuberculosis/Tuberculosis-44.png,Tuberculosis
tuberculosis/Tuberculosis-45.png,Tuberculosis
tuberculosis/Tuberculosis-46.png,Tuberculosis
tuberculosis/Tuberculosis-47.png,Tuberculosis
tuberculosis/Tuberculosis-48.png,Tuberculosis
tuberculosis/Tuberculosis-49.png,Tuberculosis
tuberculosis/Tuberculosis-5.png,Tuberculosis
tuberculosis/Tuberculosis-50.png,Tuberculosis
tuberculosis/Tuberculosis-51.png,Tuberculosis
tuberculosis/Tuberculosis-52.png,Tuberculosis
tuberculosis/Tuberculosis-53.png,Tuberculosis
tuberculosis/Tuberculosis-54.png,Tuberculosis
tuberculosis/Tuberculosis-55.png,Tuberculosis
tuberculosis/Tuberculosis-56.png,Tuberculosis
tuberculosis/Tuberculosis-57.png,Tuberculosis
tuberculosis/Tuberculosis-58.png,Tuberculosis
tuberculosis/Tuberculosis-59.png,Tuberculosis
tuberculosis/Tuberculosis-6.png,Tuberculosis
tuberculosis/Tuberculosis-60.png,Tuberculosis
tuberculosis/Tuberculosis-61.png,Tuberculosis
tuberculosis/Tuberculosis-62.png,Tuberculosis
tuberculosis/Tuberculosis-63.png,Tuberculosis
tuberculosis/Tuberculosis-64.png,Tuberculosis
tuberculosis/Tuberculosis-65.png,Tuberculosis
tuberculosis/Tuberculosis-66.png,Tuberculosis
tuberculosis/Tuberculosis-67.png,Tuberculosis
tuberculosis/Tuberculosis-68.png,Tuberculosis
tuberculosis/Tuberculosis-69.png,Tuberculosis
tuberculosis/Tuberculosis-7.png,Tuberculosis
tuberculosis/Tuberculosis-70.png,Tuberculosis
tuberculosis/Tuberculosis-71.png,Tuberculosis
tuberculosis/Tuberculosis-72.png,Tuberculosis
tuberculosis/Tuberculosis-73.png,Tuberculosis
tuberculosis/Tuberculosis-74.png,Tuberculosis
tuberculosis/Tuberculosis-75.png,Tuberculosis
tuberculosis/Tuberculosis-76.png,Tuberculosis
tuberculosis/Tuberculosis-77.png,Tuberculosis
tuberculosis/Tuberculosis-78.png,Tuberculosis
tuberculosis/Tuberculosis-79.png,Tuberculosis
tuberculosis/Tuberculosis-8.png,Tuberculosis
tuberculosis/Tuberculosis-80.png,Tuberculosis
tuberculosis/Tuberculosis-81.png,Tuberculosis
tuberculosis/Tuberculosis-82.png,Tuberculosis
tuberculosis/Tuberculosis-83.png,Tuberculosis
tuberculosis/Tuberculosis-84.png,Tuberculosis
tuberculosis/Tuberculosis-85.png,Tuberculosis
tuberculosis/Tuberculosis-86.png,Tuberculosis
tuberculosis/Tuberculosis-87.png,Tuberculosis
tuberculosis/Tuberculosis-88.png,Tuberculosis
tuberculosis/Tuberculosis-89.png,Tuberculosis
tuberculosis/Tuberculosis-9.png,Tuberculosis
tuberculosis/Tuberculosis-90.png,Tuberculosis
tuberculosis/Tuberculosis-91.png,Tuberculosis
tuberculosis/Tuberculosis-92.png,Tuberculosis
tuberculosis/Tuberculosis-93.png,Tuberculosis
tuberculosis/Tuberculosis-94.png,Tuberculosis
tuberculosis/Tuberculosis-95.png,Tuberculosis
tuberculosis/Tuberculosis-96.png,Tuberculosis
tuberculosis/Tuberculosis-97.png,Tuberculosis
tuberculosis/Tuberculosis-98.png,Tuberculosis
tuberculosis/Tuberculosis-99.png,Tuberculosis
